SpeciesLong,SpeciesShort,Type,mu1,mu2,mu3,sigma1,sigma2,sigma3,lambda1,lambda2,lambda3
Myctophum affine,sp1,Distribution,0.675450813,21.73710618,87.08944737,6.496318801,0.756003673,1.639015445,0.525688453,0.004894762,0.469416785
Cyclothone pallida,sp2,Distribution,-6.00700471,30.87415522,68.28442639,17.13834352,11.58092382,4.336097512,0.29974945,0.192027819,0.508222731
Cyclothone pseudopallida,sp3,Distribution,-3.925542871,17.88990764,120.6568142,20.2241823,14.32684607,18.92199767,0.147293715,0.095142353,0.757563931
Cyclothone acclinidens,sp4,Distribution,56.47011848,93.84830063,111.3104002,12.15615625,2.85584954,4.3395003,0.536533544,0.001741597,0.461724858
Cyclothone alba,sp5,Distribution,26.09744819,48.10919464,80.78650652,5.085581215,9.67653097,20.28834274,0.03061106,0.242902196,0.726486744
Cyclothone braueri,sp6,Distribution,35.46276602,41.5399152,66.76696564,13.9500934,3.367057256,19.58336033,0.561927779,0.050514996,0.387557225
Argyropelecus hemigymnus,sp7,Distribution,1.460730824,-25.04857683,61.64299796,10.20929369,1.443377267,16.51362951,0.482362966,0.017892242,0.499744792
Valenciennellus tripunctulatus,sp8,Distribution,46.17589004,114.9716908,103.3782916,4.780947362,11.88738106,9.729107157,0.51110488,0.176089601,0.312805519
Lampanyctus alatus,sp9,Distribution,24.62737833,27.47614095,111.9757948,20.38674365,20.22204357,8.034248743,0.326157491,0.120630479,0.553212031
Sternoptyx diaphana,sp10,Distribution,49.26756946,32.73777237,119.6839707,12.66140367,10.08615477,14.68904651,0.026104005,0.26629271,0.707603285
Ceratoscopelus warmingii,sp11,Distribution,11.42538491,-46.534673,120.349815,18.31290643,11.40194021,9.943639544,0.582671862,0.010766844,0.406561294
Argyropelecus aculeatus,sp12,Distribution,17.42460966,119.4689176,91.2926862,10.40571899,5.738599013,12.0108316,0.498036226,0.011819115,0.490144659
Benthosema suborbitale,sp13,Distribution,7.681313481,29.705393,52.85582876,12.98717923,6.17482248,14.45539197,0.412820299,0.084595373,0.502584329
Sigmops elongatus,sp14,Distribution,22.98499516,29.39804494,104.0029885,14.80893623,1.123982122,3.886077916,0.699221366,0.01246411,0.288314524
Selene setapinnis,sp15,Distribution,21.37218359,55.3145953,42.83029155,7.242776767,2.94947013,15.41263398,0.075822399,0.485686139,0.438491462
Diaphus dumerilii,sp16,Distribution,22.18237042,48.34818601,96.77778744,22.60924824,9.071897486,15.07468,0.537881151,0.135785738,0.326333111
Lepidophanes guentheri,sp17,Distribution,73.16312677,84.63550593,104.8912144,1.65900713,1.080070438,10.37594898,0.618687366,0.011220172,0.370092462
Notolychnus valdiviae,sp18,Distribution,17.65119399,80.13233454,117.3322402,19.32255266,2.005717311,17.47958014,0.196919499,0.018649205,0.784431296
Melamphaes simus,sp19,Distribution,0.772985773,87.31230363,102.9804469,15.52352236,12.15536727,9.009891043,0.344865709,0.53126647,0.123867822
Lutjanus campechanus,sp20,Distribution,34.38071385,65.69972747,121.3733725,14.42656003,7.196834931,13.18118519,0.436111038,0.091638325,0.472250637
Sternoptyx pseudobscura,sp21,Distribution,13.41068136,17.14896292,70.0721252,8.694021756,0.704216127,10.48139281,0.514174474,0.034823911,0.451001615
Cyclothone obscura,sp22,Distribution,47.74549728,52.23130475,70.09264117,22.16753231,14.56463072,10.74286808,0.358477369,0.271229295,0.370293336
Chauliodus sloani,sp23,Distribution,45.51985956,57.65609879,91.51775686,15.02360737,12.81885065,21.84952239,0.393115823,0.247304075,0.359580103
Vinciguerria poweriae,sp24,Distribution,75.37558245,66.14948063,69.96184164,13.89228558,1.149325519,0.219236787,0.28869273,0.70627116,0.00503611
Pollichthys mauli,sp25,Distribution,0.9660779,5.644688341,57.42164362,5.846335516,6.058136359,6.077950122,0.324873007,0.446883971,0.228243022
Hygophum taaningi,sp26,Distribution,59.62649541,90.9893199,93.72915396,13.60074102,1.631725886,2.054454141,0.321848383,0.230355077,0.44779654
Diaphus mollis,sp27,Distribution,25.47790738,29.61370033,64.88342026,0.399201124,4.498544604,12.0775159,0.012768421,0.710606179,0.2766254
Euthynnus alletteratus,sp28,Distribution,52.72482472,52.76851538,93.93791903,3.654909473,13.07176223,18.97509262,0.035007006,0.710188366,0.254804628
Caranx crysos,sp29,Distribution,24.38724355,53.38369228,52.90369496,15.14812116,0.691812284,1.403528049,0.353051547,0.167924354,0.479024099
Vinciguerria nimbaria,sp30,Distribution,2.308688707,1.841187496,121.4600004,16.4212325,16.40844375,8.332793027,0.307527565,0.185399531,0.507072905
Scopeloberyx opisthopterus,sp31,Distribution,57.62166725,122.4665579,124.7850715,19.13409706,2.525122254,2.796034925,0.467324783,0.445924376,0.086750842
Diplospinus multistriatus,sp32,Distribution,8.874086677,35.49247053,107.8240972,14.67945486,7.168646195,16.77149373,0.685817223,0.056095274,0.258087503
Hygophum benoiti,sp33,Distribution,66.69087473,64.71570806,75.92361524,16.43000552,8.974027542,24.64084164,0.419129844,0.305506525,0.275363631
Bolinichthys photothorax,sp34,Distribution,34.38731496,65.40376178,68.77193104,19.23919605,9.780428041,4.250187281,0.550906722,0.190737296,0.258355982
Photostomias guernei,sp35,Distribution,4.027354967,45.71440762,70.71979399,6.237112458,18.43589226,16.53350336,0.028269113,0.704884571,0.266846317
Omosudis lowii,sp36,Distribution,37.64973826,38.857051,58.65372183,2.2049221,0.460071861,4.437089186,0.740950695,0.016921192,0.242128114
Nannobrachium lineatum,sp37,Distribution,15.55764157,81.47144397,81.52931954,5.553008486,12.77470392,7.351221901,0.396362559,0.265356061,0.33828138
Stomias affinis,sp38,Distribution,6.431078647,54.22732187,79.01608185,22.36043684,12.92128966,18.96374879,0.303602481,0.245518279,0.45087924
Chlorophthalmus agassizi,sp39,Distribution,20.30566868,44.2488842,92.81726309,12.50863539,30.58414713,10.72032081,0.125145804,0.386003322,0.488850874
Synagrops spinosus,sp40,Distribution,54.62074132,42.77680173,88.06643033,23.2077952,23.89816142,1.034155017,0.055211596,0.533169277,0.411619126
Lobianchia gemellarii,sp41,Distribution,22.88808935,120.0244807,125.3658932,11.41032703,21.58080186,15.66078147,0.274595841,0.470071115,0.255333043
Bonapartia pedaliota,sp42,Distribution,27.62612547,77.60151119,63.54101649,17.26851372,0.795362986,16.86008087,0.151166348,0.017646707,0.831186945
Chloroscombrus chrysurus,sp43,Distribution,35.38909386,103.560531,106.4033628,4.566897381,20.98264897,14.91333733,0.527939967,0.319844806,0.152215227
Scopeloberyx robustus,sp44,Distribution,53.32778847,117.6303216,112.2530443,3.133588847,6.118617054,5.358313591,0.498913043,0.109480394,0.391606563
Notoscopelus resplendens,sp45,Distribution,64.21569018,108.9927291,114.6807088,4.659522443,5.829270821,6.812370577,0.248076749,0.589571789,0.162351462
Argyropelecus gigas,sp46,Distribution,3.902082838,32.97469297,66.08758733,10.68233241,13.95859222,12.92554877,0.084904442,0.389648213,0.525447345
Diogenichthys atlanticus,sp47,Distribution,52.10474573,107.6583519,102.0494494,14.93994802,8.409297289,7.686446081,0.477054128,0.118211686,0.404734186
Lampadena luminosa,sp48,Distribution,56.40697782,45.83380158,94.36382889,16.64883253,23.75013546,4.252642795,0.406619606,0.57333905,0.020041343
Nemichthys curvirostris,sp49,Distribution,57.87834705,65.58500307,84.8520178,5.422803253,6.090750221,16.26103317,0.311954088,0.360970445,0.327075467
Lestidiops affinis,sp50,Distribution,56.88383618,85.44398788,123.4435638,16.15614787,18.27910374,2.900697444,0.265507589,0.247771317,0.486721094
Diaphus splendidus,sp51,Distribution,6.481788994,92.93018655,117.7614103,14.09754628,43.74657276,14.75140415,0.501575998,0.019992868,0.478431134
Dolicholagus longirostris,sp52,Distribution,9.134137345,74.13440178,78.46102266,20.80369987,24.69614448,16.61630661,0.415102428,0.420740239,0.164157333
Diaphus lucidus,sp53,Distribution,4.534233946,105.6384051,122.1090394,3.106241944,15.61578814,14.14831361,0.521493212,0.31909132,0.159415468
Saurida brasiliensis,sp54,Distribution,3.358699616,57.50916765,90.85215742,3.200260112,12.83896018,20.21770201,0.365586067,0.15664497,0.477768963
Bolinichthys supralateralis,sp55,Distribution,61.57286082,101.0727426,125.6263208,14.9982184,14.4788247,7.270997655,0.279174893,0.609922074,0.110903033
Polyipnus clarus,sp56,Distribution,12.94837902,94.89919145,108.416443,19.63594778,3.174307164,6.672467344,0.277921357,0.024032059,0.698046584
Cryptopsaras couesii,sp57,Distribution,40.00818042,54.49600492,66.08599519,3.924141112,3.504561638,16.19452131,0.267428981,0.028397752,0.704173267
Hygophum macrochir,sp58,Distribution,8.626420917,46.73882367,78.3919001,12.17346583,34.39377753,15.18026574,0.400508014,0.262436853,0.337055133
Lestrolepis intermedia,sp59,Distribution,57.38497731,77.35941544,95.47990324,14.07998656,8.519361355,1.306596562,0.264065904,0.116898812,0.619035284
Howella atlantica,sp60,Distribution,44.72800029,90.4714285,83.65704709,5.811698343,7.517723841,12.19086408,0.266864931,0.369420564,0.363714505
Hygophum hygomii,sp61,Distribution,0.497223881,5.745199741,73.25052609,18.09892648,3.529823842,8.54425812,0.406020988,0.028987419,0.564991593
Maurolicus weitzmani,sp62,Distribution,73.20248886,23.25030172,103.0228917,13.34386154,9.775389843,19.2471072,0.491089353,0.005949746,0.502960901
Ariomma bondi,sp63,Distribution,14.9297947,40.05015943,65.54567327,3.214912611,4.571601838,9.710819907,0.44954326,0.021396797,0.529059942
Stephanolepis hispidus,sp64,Distribution,0.383034406,4.701856958,68.78637564,16.69393195,28.81557663,2.748403914,0.336944257,0.221239822,0.441815921
Margrethia obtusirostra,sp65,Distribution,42.37642117,108.973362,73.42883804,13.06152691,7.399347664,18.05181295,0.090372489,0.583642318,0.325985193
Synagrops bellus,sp66,Distribution,66.1295754,95.50818319,112.2975729,10.54458031,0.516479297,17.67406367,0.503451438,0.013368154,0.483180407
Engraulis eurystole,sp67,Distribution,41.91386003,69.25944448,72.95993981,11.44189675,5.155724929,27.57070567,0.197771604,0.096297506,0.70593089
Lampanyctus nobilis,sp68,Distribution,24.697041,28.2931407,83.88617668,2.681637419,1.073920407,11.97191349,0.6397411,0.109852717,0.250406183
Kaupichthys hyoproroides,sp69,Distribution,45.27957186,93.73884826,104.1602688,11.29087783,7.373904348,7.768574277,0.467085365,0.211593591,0.321321043
Astronesthes niger,sp70,Distribution,39.63807695,38.90214681,83.95098526,6.749701509,5.199600185,18.90868505,0.282881288,0.502675231,0.21444348
Aluterus scriptus,sp71,Distribution,44.15185026,61.81306045,119.7665404,1.906197245,16.66147692,5.734440423,0.040040192,0.690756227,0.269203581
Bregmaceros atlanticus,sp72,Distribution,-5.603922211,6.480099986,70.39063694,14.70943156,13.9189273,16.20349545,0.099811057,0.641027535,0.259161409
Scopelarchus analis,sp73,Distribution,44.8486015,78.75730529,67.47258161,9.600824871,8.589242132,8.773866609,0.478109778,0.192383339,0.329506884
Taaningichthys bathyphilus,sp74,Distribution,49.22547395,60.9183494,67.04519362,9.331715111,2.024667624,9.194561377,0.779822035,0.079235045,0.14094292
Centropyge argi,sp75,Distribution,21.63220454,96.23021,103.7038192,3.399036876,2.792087367,4.795671239,0.2875,0.109558168,0.602941832
Argyropelecus affinis,sp76,Distribution,2.56346927,13.62227022,59.31571511,11.97689629,20.46242755,7.677877198,0.180319076,0.293973096,0.525707828
Coccorella atlantica,sp77,Distribution,25.48176288,49.61973549,69.02968813,6.148858845,4.695866906,15.66766651,0.339001684,0.062730384,0.598267932
Vinciguerria attenuata,sp78,Distribution,62.07438013,76.20562182,99.94856763,16.94319876,10.76791975,4.463572598,0.772052447,0.204885393,0.02306216
Nesiarchus nasutus,sp79,Distribution,25.87830181,80.03317953,89.1764827,15.27140301,7.705099603,7.635844928,0.402695019,0.363797002,0.233507979
Cantherhines pullus,sp80,Distribution,31.49319011,64.37725626,67.89927552,23.28518468,0.260794666,11.28437869,0.41688651,0.021559656,0.561553834
Astronesthes macropogon,sp81,Distribution,41.28961297,98.99067529,100.4093705,1.069741465,4.286698734,25.92306247,0.395459835,0.07586494,0.528675225
Scopelogadus mizolepis,sp82,Distribution,-24.13790809,25.96421084,101.4264417,9.745736212,22.6789093,1.566834092,0.032285953,0.372512146,0.595201901
Stephanolepis setifer,sp83,Distribution,38.09053103,53.25248423,57.05371812,13.33693145,2.195245823,11.24679648,0.463135778,0.376977929,0.159886293
Helicolenus dactylopterus,sp84,Distribution,54.20440683,38.71531633,68.7592723,4.540083454,1.792796274,4.627772265,0.907784285,0.010784511,0.081431204
Xenolepidichthys dalgleishi,sp85,Distribution,5.577948325,68.18563555,94.76503592,15.2617015,11.97057436,15.08854943,0.474875075,0.132513341,0.392611585
Scopelosaurus mauli,sp86,Distribution,7.607708253,22.70024787,54.24931854,0.54482403,13.91588324,4.906836443,0.013480604,0.613796129,0.372723267
Melanonus zugmayeri,sp87,Distribution,18.35650981,112.6767791,123.4667115,7.178279406,10.04811702,11.28511161,0.513015184,0.1790068,0.307978015
Sudis atrox,sp88,Distribution,29.64007201,34.21946776,86.69527947,10.96569608,16.93620125,5.405775989,0.363497238,0.167273728,0.469229034
Diaphus rafinesquii,sp89,Distribution,47.39905322,77.64179484,101.6625131,18.25904058,20.38724342,6.222930412,0.216797287,0.537620675,0.245582037
Gonichthys cocco,sp90,Distribution,12.19916694,11.85916734,67.82596561,11.66728131,18.41555813,1.872177576,0.300970229,0.393431386,0.305598385
Antigonia combatia,sp91,Distribution,3.966031971,58.67902924,96.78701519,23.76546194,3.508683452,20.33351476,0.522341021,0.012409194,0.465249786
Astronesthes similus,sp92,Distribution,39.69464121,64.17758686,93.24586801,16.4556422,7.203574195,7.193949228,0.346175612,0.09867838,0.555146008
Centropyge aurantonotus,sp93,Distribution,48.56513569,85.63836322,101.5515124,14.67566859,7.786483519,1.483741749,0.418165751,0.006334274,0.575499975
Echiostoma barbatum,sp94,Distribution,4.303605256,7.675266114,123.2631461,14.9212673,22.2090207,22.08565527,0.334643099,0.134443079,0.530913822
Malacosteus niger,sp95,Distribution,30.11898302,64.97718607,109.9603782,2.570200232,10.61221079,17.26533946,0.479511724,0.044638032,0.475850243
Bathophilus pawneei,sp96,Distribution,6.66735512,0.99522668,71.10980676,5.148087717,0.394643561,2.712974084,0.571087237,0.012482168,0.416430595
Stylephorus chordatus,sp97,Distribution,1.884548866,53.82771558,113.9418234,18.46058535,0.642760776,9.37195185,0.525860102,0.002760758,0.47137914
Hygophum reinhardtii,sp98,Distribution,26.28856256,26.13511908,107.0242741,6.19568101,12.46977171,8.309465534,0.064216225,0.44444539,0.491338385
Diaphus perspicillatus,sp99,Distribution,28.97485818,95.80857189,107.8735591,6.594823889,5.662106759,10.55578196,0.417380495,0.134055439,0.448564066
Cubiceps pauciradiatus,sp100,Distribution,66.79941222,124.6804243,123.1592084,23.98167454,1.671874419,7.089891317,0.349813955,0.037535188,0.612650856
Alepisaurus ferox,sp101,Distribution,5.722779621,72.34663711,79.02201528,24.33348588,4.35937701,2.55622922,0.341026626,0.60337765,0.055595725
Anoplogaster cornuta,sp102,Distribution,40.26574908,106.4739572,95.20980722,19.45079733,22.1806662,1.999031933,0.642949901,0.328756682,0.028293417
Ichthyococcus ovatus,sp103,Distribution,57.00757058,65.46085281,103.8324656,2.253140605,5.067958236,13.26369351,0.057366291,0.641982324,0.300651385
Cetostoma regani,sp104,Distribution,48.82100537,49.77506012,66.22756268,4.393124303,15.3907693,15.92689608,0.216102513,0.267105484,0.516792002
Chilorhinus suensonii,sp105,Distribution,28.89085677,25.67085373,110.2578782,5.612293635,8.400603399,22.26832891,0.473357867,0.034089036,0.492553097
Aristostomias xenostoma,sp106,Distribution,64.74479647,0.12828035,3.675388039,2.932561791,16.46120892,16.65552756,0.319509504,0.633468446,0.04702205
Gonostoma atlanticum,sp107,Distribution,0.452749868,51.75178934,106.2615046,0.786584092,16.71763232,13.11233291,0.00356994,0.639056669,0.357373391
Diaphus termophilus,sp108,Distribution,64.80856568,45.59659231,115.9214682,13.1413732,10.87980362,21.2812631,0.153643258,0.218837936,0.627518805
Thunnus atlanticus,sp109,Distribution,-5.137508115,9.100968721,100.3595373,6.679393299,10.28184268,6.031544643,0.074632694,0.486302197,0.439065109
Centrobranchus nigroocellatus,sp110,Distribution,59.79190583,72.73429212,96.46121655,7.724537948,5.056083249,10.29895354,0.249821583,0.196644268,0.553534149
Symphysanodon berryi,sp111,Distribution,30.08762027,60.9125927,58.44302301,19.99884843,8.542611747,20.09335143,0.202834169,0.151510973,0.645654857
Nealotus tripes,sp112,Distribution,20.98926142,30.36948217,91.73333167,3.835788572,14.57086039,6.091403437,0.031726128,0.46378978,0.504484092
Diaphus brachycephalus,sp113,Distribution,2.780304542,3.641639865,112.2190119,0.328072252,15.07574036,17.17043895,0.007166129,0.514887404,0.477946467
Scopeloberyx rubriventer,sp114,Distribution,21.281749,108.4028935,127.37038,13.41121319,13.34386114,17.76727588,0.34139839,0.257932036,0.400669574
Nannobrachium cuprarium,sp115,Distribution,64.47867563,63.88548895,97.87355642,16.42837279,3.186974918,1.121524126,0.479495314,0.511270184,0.009234502
Moringua edwardsi,sp116,Distribution,31.3029728,99.09225129,116.7301813,16.56187866,13.9067379,11.58234246,0.466593122,0.077153963,0.456252915
Photonectes leucospilus,sp117,Distribution,25.35272668,95.81466431,102.4379209,11.54732543,5.369034681,3.635683995,0.458566369,0.466590626,0.074843004
Myctophum nitidulum,sp118,Distribution,47.0171096,65.85882989,71.48436477,11.32052823,7.326855924,15.65259543,0.215170785,0.283142609,0.501686606
Lampanyctus tenuiformis,sp119,Distribution,68.74314835,46.76081982,90.95201955,15.07708418,12.59779167,11.77422387,0.544851195,0.283820015,0.17132879
Diaphus taaningi,sp120,Distribution,16.66884548,55.92405745,85.62407779,15.23512135,0.25472282,21.78132395,0.446817887,0.010678811,0.542503302
Argyropelecus sladeni,sp121,Distribution,48.96036115,102.0408671,112.8918359,19.83107661,18.29324042,27.30583226,0.447978112,0.314939048,0.23708284
Polymixia lowei,sp122,Distribution,47.27740145,48.74895412,60.5732324,5.474871771,2.867336095,6.637923096,0.353534313,0.405041907,0.24142378
Scopelarchoides danae,sp123,Distribution,14.11124877,24.42043629,64.20406848,9.152441375,7.556426877,2.310816946,0.185949398,0.212228361,0.601822241
Astronesthes richardsoni,sp124,Distribution,11.0447811,66.96455357,98.22412145,13.14164787,4.749767097,22.26402325,0.457105675,0.034474779,0.508419546
Lobianchia dofleini,sp125,Distribution,7.334809994,55.40833708,54.95930115,23.46158941,31.3843953,22.54969977,0.402768835,0.279413449,0.317817716
Bathophilus digitatus,sp126,Distribution,37.92963932,103.1875969,126.2576378,5.52486425,26.24332019,19.38513165,0.433829495,0.070382883,0.495787622
Trachurus lathami,sp127,Distribution,59.76518872,95.85684965,103.0160616,2.171769793,22.3896026,0.792154036,0.405444495,0.545708511,0.048846994
Ditropichthys storeri,sp128,Distribution,58.26861827,76.7185292,79.13032159,8.339531032,0.296998648,4.215361629,0.260768235,0.026079398,0.713152367
Nannobrachium atrum,sp129,Distribution,40.90379975,52.29995919,72.02186709,4.127101762,6.065429204,12.68386925,0.076854492,0.394031853,0.529113654
Epigonus pandionis,sp130,Distribution,33.31035666,36.45524896,79.61489723,19.77451088,1.201961165,18.14850773,0.644824808,0.028516999,0.326658193
Cookeolus japonicus,sp131,Distribution,14.86746381,45.59560909,51.59724416,8.089377736,3.450393034,22.71622301,0.188969051,0.013063911,0.797967038
Pristigenys alta,sp132,Distribution,30.80483136,40.5301917,119.248427,4.834742316,6.119592745,4.56410594,0.193692699,0.480603076,0.325704225
Melanolagus bericoides,sp133,Distribution,38.9665655,76.82347823,95.54569207,21.25271118,12.65262273,8.929853031,0.602274564,0.045604788,0.352120648
Parasudis truculenta,sp134,Distribution,21.66012347,51.26099576,73.1231445,1.499302801,13.51794779,8.72692809,0.477954996,0.476734817,0.045310187
Melanostomias tentaculatus,sp135,Distribution,34.56350818,80.25910881,105.1935838,2.65664003,15.76038488,17.58387416,0.256974852,0.25926805,0.483757098
Leptostomias bermudensis,sp136,Distribution,-0.892732366,52.16701075,77.91688862,13.69292001,22.29116995,19.48166053,0.228579402,0.33418076,0.437239838
Diaphus subtilis,sp137,Distribution,12.31033101,79.28819799,90.71888079,11.82017053,0.548058676,11.62078824,0.213958179,0.020232137,0.765809684
Lampanyctus festivus,sp138,Distribution,34.06472437,48.18319021,65.15535454,11.31990787,2.447006503,8.629716836,0.233157732,0.061702964,0.705139303
Gigantura indica,sp139,Distribution,26.42483962,73.17516731,90.74642838,21.6058504,20.82275659,21.87604279,0.562365044,0.036816732,0.400818224
Dolichopteryx longipes,sp140,Distribution,36.31419419,93.79870448,108.2455438,7.838065939,22.28097772,14.99446837,0.38690721,0.356624575,0.256468215
Caranx bartholomaei,sp141,Distribution,24.79522653,58.82802696,58.85064191,14.72869652,21.8748473,5.337075684,0.54501196,0.412714287,0.042273753
Desmodema polystictum,sp142,Distribution,15.04520588,-0.508988535,51.96334532,28.23183353,18.09262734,10.28988596,0.032232381,0.451704208,0.516063411
Baldwinella aureorubens,sp143,Distribution,68.01833566,100.3758968,131.8842625,8.244098255,9.055888073,17.91425402,0.376481523,0.211235151,0.412283327
Dicrolene introniger,sp144,Distribution,-0.702672769,16.49936943,90.52828496,14.86332301,12.37469517,26.9547589,0.378946951,0.212875451,0.408177598
Antigonia capros,sp145,Distribution,5.86152796,46.65254813,61.73295682,1.92006018,1.950374727,20.66665631,0.264790306,0.020440585,0.714769109
Diaphus problematicus,sp146,Distribution,39.38420867,42.43000821,63.2252844,2.246096515,2.004796227,1.618069363,0.401669459,0.162718458,0.435612083
Barbourisia rufa,sp147,Distribution,7.188314169,8.72432324,102.8634512,1.509963716,1.755480655,11.71081419,0.193395952,0.429485404,0.377118644
Pseudoscopelus scriptus,sp148,Distribution,51.92397199,72.21619331,72.37491734,17.098588,12.62111656,6.496526885,0.50262509,0.271901189,0.225473721
Astronesthes micropogon,sp149,Distribution,4.934009267,81.89172297,51.62852291,0.476108029,2.265302982,15.63222913,0.012220612,0.084558394,0.903220994
Astronesthes oligoa,sp150,Distribution,59.93622037,62.81607524,114.1602127,10.48147087,8.176910673,6.977400334,0.497216773,0.140887454,0.361895773
Scopelarchus guentheri,sp151,Distribution,135.116212,47.36044899,111.8602071,24.9808011,17.95695269,19.70613527,0.032369808,0.681086894,0.286543298
Evermannella melanoderma,sp152,Distribution,71.68668633,103.0669655,119.5538397,7.681137406,3.185061837,8.429801688,0.360522209,0.036878678,0.602599113
Odontostomops normalops,sp153,Distribution,-16.60172266,9.425045804,70.56518317,9.142620244,13.89825393,21.86888208,0.077058669,0.385502072,0.537439258
Katsuwonus pelamis,sp154,Distribution,57.26635832,74.76776087,92.51918136,6.692373343,9.794453597,8.816896573,0.37976747,0.379635803,0.240596727
Idiacanthus fasciola,sp155,Distribution,39.22664633,76.26707165,95.62041818,17.71231002,3.270664124,15.28142598,0.594755523,0.040492965,0.364751512
Eustomias schmidti,sp156,Distribution,31.32266231,92.01921737,100.6654053,4.038433655,10.37477782,1.277829315,0.323576901,0.635145761,0.041277339
Eustomias variabilis,sp157,Distribution,71.44593817,68.43829188,107.262585,18.09503889,18.15377473,6.364423984,0.172679424,0.533995374,0.293325203
Flagellostomias boureei,sp158,Distribution,65.48261683,63.2894287,83.23989335,14.58642687,3.924054739,5.764958875,0.797540179,0.174129843,0.028329978
Bathophilus proximus,sp159,Distribution,-1.063274725,19.16468585,84.47428997,16.87957216,15.14603596,2.266108425,0.342623867,0.242660076,0.414716057
Photostomias goodyeari,sp160,Distribution,56.73233457,55.44431403,62.35292394,9.284929577,4.173345653,4.35332516,0.327304604,0.162291997,0.510403399
Chlopsis dentatus,sp161,Distribution,42.75309687,62.32921836,84.5044784,7.823814749,16.66721063,12.33394853,0.437175349,0.330991873,0.231832778
Myctophum selenops,sp162,Distribution,35.25819533,38.03925221,114.1830628,1.390992138,0.677067072,9.084820197,0.709279164,0.086854404,0.203866432
Haplophryne mollis,sp163,Distribution,58.67787589,65.85484109,68.45591909,7.540536065,2.329109854,3.294377364,0.535247404,0.334944148,0.129808448
Tetragonurus atlanticus,sp164,Distribution,62.16557032,50.74287477,46.70429704,11.53670122,2.78337493,10.96212755,0.272928488,0.332737688,0.394333824
Benthodesmus tenuis,sp165,Distribution,38.54141426,78.70217615,83.09742867,9.306344779,6.339783995,2.869715419,0.719967176,0.202223743,0.077809081
Anthias nicholsi,sp166,Distribution,58.49486403,73.39271671,72.25614238,4.358162369,5.542293578,8.827258481,0.330201253,0.370058016,0.299740731
Uncisudis advena,sp167,Distribution,16.72639275,80.27355144,95.72837552,7.799996491,17.0155575,16.7686196,0.390166541,0.069979621,0.539853838
Histrio histrio,sp168,Distribution,65.99869349,86.72052441,105.320468,9.552681954,6.021730353,4.154031625,0.536527499,0.120582492,0.342890009
Dicrolene kanazawai,sp169,Distribution,54.92009679,61.45928162,108.4395333,10.85207662,21.01235295,10.57121849,0.489202975,0.044135452,0.466661573
Melanocetus murrayi,sp170,Distribution,70.25715091,111.8703621,129.0191838,4.773765327,10.32163716,6.364528373,0.285835852,0.596501193,0.117662955
Magnisudis atlantica,sp171,Distribution,18.08747133,72.20409161,71.48480148,4.237911762,12.96734075,12.96164817,0.40154197,0.041636195,0.556821835
Melamphaes longivelis,sp172,Distribution,38.03658315,62.92754602,65.96724849,14.4312738,3.6681016,2.956396267,0.242364274,0.127256413,0.630379312
Canthigaster rostrata,sp173,Distribution,2.991912835,40.61324743,68.05542244,7.277067696,23.43216097,18.9845061,0.389143738,0.11662311,0.494233152
Lagocephalus lagocephalus,sp174,Distribution,54.70037954,94.77851842,109.6449824,16.76903973,12.54642764,15.52499468,0.279546657,0.247102843,0.473350499
Poromitra megalops,sp175,Distribution,21.84660032,110.1950968,106.501163,12.77432786,16.61439062,27.988716,0.675639491,0.174554254,0.149806255
Selene vomer,sp176,Distribution,-3.857257374,11.11200667,86.31813326,10.39247525,9.357302357,19.37611642,0.270755502,0.235556611,0.493687888
Oneirodes carlsbergi,sp177,Distribution,-5.091182312,21.17497679,107.8271165,14.20205672,21.95844437,7.421008413,0.18545334,0.504770538,0.309776122
Notoscopelus caudispinosus,sp178,Distribution,36.01175394,41.63897631,88.79589916,8.440286978,13.40825391,10.77673382,0.184767433,0.229670172,0.585562395
Sphyraena guachancho,sp179,Distribution,71.44200935,73.9278927,112.2501852,2.772085405,2.566554287,13.43007039,0.27309694,0.418224747,0.308678313
Echiodon dawsoni,sp180,Distribution,54.8931694,61.86295398,92.22046792,4.519122963,3.924441919,17.04323834,0.344259682,0.276950045,0.378790273
Sudis hyalina,sp181,Distribution,14.45782793,43.67473216,54.14089781,6.785096906,4.340901011,17.9546651,0.072836095,0.113240945,0.81392296
Aluterus monoceros,sp182,Distribution,18.26588467,17.29529087,90.07124396,22.83063112,13.25340457,13.47604747,0.065755173,0.571421938,0.362822889
Diplophos taenia,sp183,Distribution,62.97202318,82.98003281,69.38423692,23.03997506,2.0993878,8.004818758,0.355203692,0.569980169,0.07481614
Diaphus anderseni,sp184,Distribution,56.74461723,96.21817214,29.9881865,21.89567476,10.85262197,6.51464792,0.877248068,0.074267438,0.048484494
Symbolophorus rufinus,sp185,Distribution,63.44225366,42.44173494,75.85580573,19.86976466,15.44802823,11.51811692,0.157825737,0.43352058,0.408653683
Eutaeniophorus festivus,sp186,Distribution,5.323051064,78.92873133,80.88755746,8.707542925,18.63734307,5.924453622,0.45691906,1.78E-11,0.54308094
Ocyurus chrysurus,sp187,Distribution,61.00458745,76.09902443,80.37878959,14.70415156,0.071875994,7.105786014,0.245173874,0.016443339,0.738382787
Luciobrotula corethromycter,sp188,Distribution,38.47793075,59.43926157,75.79350294,1.35821452,1.314218489,17.9254489,0.561632639,0.013615426,0.424751935
Uncisudis quadrimaculata,sp189,Distribution,53.99128879,54.99205139,65.05007844,3.87246776,0.657096963,25.34701227,0.663746249,0.063393281,0.272860469
Oneirodes eschrichtii,sp190,Distribution,49.32206186,74.3243467,81.94077826,14.90628613,9.005995813,5.216898826,0.514197455,0.17212658,0.313675964
Spectrunculus grandis,sp191,Distribution,50.03581651,109.366638,117.3807614,6.00909261,12.86311349,12.85613723,0.245311632,0.481341458,0.27334691
Diretmoides pauciradiatus,sp192,Distribution,25.53398493,58.08664064,70.12958063,9.478714045,3.922101734,22.44929786,0.01736968,0.45974664,0.52288368
Dysalotus alcocki,sp193,Distribution,-5.658086725,2.34380077,115.0515064,11.26559639,20.2454714,6.997740425,0.084376425,0.462797907,0.452825668
Brama caribbea,sp194,Distribution,6.536043704,111.5211675,108.7462065,5.699164289,9.953749665,8.173758348,0.436724566,0.118495106,0.444780328
Borostomias mononema,sp195,Distribution,40.75932106,89.7529214,82.91318055,17.57470061,6.027439829,5.217878301,0.517045035,0.268014438,0.214940526
Astronesthes gemmifer,sp196,Distribution,8.70735889,5.957117846,94.97440101,12.25227167,19.60845384,9.687452006,0.261573856,0.142835403,0.595590742
Myctophum asperum,sp197,Distribution,82.40619302,72.31208335,88.42996423,16.97436367,6.980562991,23.72405804,0.558724983,0.370571869,0.070703148
Brinkmannella elongata,sp198,Distribution,16.5893975,80.8705655,84.52251356,7.277696855,0.207799909,6.017511871,0.222816399,0.016575528,0.760608073
Monolene sessilicauda,sp199,Distribution,35.17505486,73.35276743,56.36777103,6.455819193,2.213290524,21.45233454,0.038860961,0.404741968,0.556397071
Citharichthys spilopterus,sp200,Distribution,30.81838043,85.81841751,78.72116645,10.71478512,6.738729493,24.39219111,0.574244036,0.073860208,0.351895756
Stemonosudis bullisi,sp201,Distribution,6.130033307,48.50908442,71.48785675,18.89722379,13.42693614,16.31607794,0.487944526,0.363052184,0.149003289
Eustomias acinosus,sp202,Distribution,68.94960399,99.70449052,104.8316655,11.48223416,9.081606288,8.7425719,0.459604768,0.53363005,0.006765181
Eustomias brevibarbatus,sp203,Distribution,38.17908012,48.57941118,89.06205867,18.1668,2.609099146,24.24854451,0.416799784,0.032890218,0.550309998
Eustomias dendriticus,sp204,Distribution,57.2973054,67.45055916,92.25187474,23.21978559,27.27652437,5.948387095,0.629796548,0.314138958,0.056064494
Leptostomias gladiator,sp205,Distribution,-1.716965778,23.83779861,63.51954942,9.378140641,5.826110906,3.067925933,0.194808332,0.021077619,0.784114049
Narcetes stomias,sp206,Distribution,64.64437822,77.57243499,76.33726011,7.110255366,1.920715099,4.059968328,0.355211473,0.220034454,0.424754074
Photonectes margarita,sp207,Distribution,44.75533787,118.0470403,123.4954661,7.106188093,1.67882007,7.74495727,0.352112676,0.05647042,0.591416904
Pachystomias microdon,sp208,Distribution,70.14480017,77.50889647,73.89652445,17.73039282,0.20393186,3.731684856,0.347060261,0.027294575,0.625645164
Bathophilus brevis,sp209,Distribution,66.10881543,74.58759835,89.39968016,11.01954188,5.890669217,3.61650048,0.51518765,0.44976774,0.03504461
Bathophilus longipinnis,sp210,Distribution,30.66809528,28.46546576,87.63546672,18.78163807,7.9955753,19.67041234,0.550388056,0.146238181,0.303373763
Photostylus pycnopterus,sp211,Distribution,30.73501713,65.74045544,51.73238892,20.12735483,9.878014102,11.7737721,0.337736651,0.39936889,0.262894458
Chlopsis bicolor,sp212,Distribution,5.907684087,49.43519657,73.44520198,8.429291971,2.21074909,7.92667566,0.491477985,0.005866998,0.502655018
Nansenia atlantica,sp213,Distribution,14.03551175,18.48337172,126.7656165,5.844121294,0.875182997,22.95136737,0.728404554,0.036184616,0.23541083
Melanocetus johnsonii,sp214,Distribution,66.62752819,106.1147157,116.6995917,25.68128635,3.149252436,18.44839231,0.448580081,0.02568166,0.525738258
Anthias woodsi,sp215,Distribution,49.19381957,97.43048758,152.3260389,14.62849016,27.27019694,20.66642339,0.351062037,0.639499775,0.009438188
Mentodus facilis,sp216,Distribution,5.615953594,85.91437698,109.9013588,19.27530985,15.58098233,9.464359955,0.286457572,0.634168915,0.079373513
Diaphus effulgens,sp217,Distribution,140.4101569,61.95494231,86.78321122,6.064567543,1.144161285,17.63967145,0.00633774,0.428522681,0.565139579
Rhynchactis macrothrix,sp218,Distribution,4.903738536,34.8091191,61.65020155,16.01469747,8.035703312,25.35818941,0.333167216,0.055237842,0.611594941
Rhynchohyalus natalensis,sp219,Distribution,19.94382928,70.9351705,96.88205687,11.8362851,32.34710049,3.843084349,0.206736798,0.736832727,0.056430475
Gigantactis microdontis,sp220,Distribution,24.12216998,92.57533813,104.3439909,11.95962349,10.57090074,13.75790489,0.377509357,0.190361977,0.432128666
Nannobrachium achirus,sp221,Distribution,11.4058246,16.25432874,125.0234601,18.39628164,31.36298122,11.11191735,0.197177508,0.043083573,0.75973892
Holtbyrnia innesi,sp222,Distribution,33.6673549,43.09790398,60.37647404,4.81432294,1.368621847,13.51208528,0.4989704,0.032415167,0.468614433
Paralepis brevirostris,sp223,Distribution,28.14452407,23.38154744,122.2064545,15.34927622,25.34273275,14.71548672,0.425891375,0.109474921,0.464633705
Lestidiops jayakari,sp224,Distribution,1.402619151,97.95909328,106.7204503,6.335189087,7.670681009,8.838260455,0.349726776,0.304823599,0.345449625
Taaningichthys minimus,sp225,Distribution,69.58609037,52.11745013,72.69914349,21.64236057,9.152704316,15.13932248,0.202249968,0.468709439,0.329040593
Talismania antillarum,sp226,Distribution,73.21734683,26.91310031,104.0929193,23.20222135,15.46642554,1.134327784,0.60324109,0.057921353,0.338837558
Lampadena anomala,sp227,Distribution,46.4869482,64.46894271,80.25221476,3.466823136,15.68445113,18.58912644,0.487844004,0.219140392,0.293015604
Neobythites gilli,sp228,Distribution,46.36172812,56.42421742,49.30641342,6.515648456,8.639633305,15.25000468,0.133860052,0.506017095,0.360122853
Stemonosudis intermedia,sp229,Distribution,48.52699427,83.81310632,118.8894843,13.57165361,0.948399003,16.82936677,0.58713602,0.011014555,0.401849425
Promethichthys prometheus,sp230,Distribution,36.94924213,76.22305772,79.33912936,12.83708984,4.151025335,4.650359385,0.313336199,0.342633696,0.344030105
Melichthys niger,sp231,Distribution,63.84984533,92.43540697,98.93176106,11.98749186,8.500363344,15.82892522,0.683883236,0.118392062,0.197724702
Sperm Whale,sp232,Distribution,44.10014312,79.68980564,92.82313009,20.15567428,7.226789783,10.28675445,0.306176822,0.222070812,0.471752366
